"Nazwa","GPU","Wydajność","Cena","Opłacalność","Chłodzenie","Dystrybutor","Producent","Marka","Pamięć512","Pamięć1","Pamięć1.5","Pamięć2"
"Palit NE5X780H10FBJ","GeForce GTX780","8046.00","1597.01","5.04","aktywne","Palit","NVIDIA","GeForce",">= 512MB",">= 1GB",">= 1.5GB",">= 2GB"
"Asus 90YV04H4-M0NA00","GeForce GTX780","8046.00","1861.28","4.32","aktywne","Asus","NVIDIA","GeForce",">= 512MB",">= 1GB",">= 1.5GB",">= 2GB"
"Gigabyte GV-N78TD5-3GD-B","GeForce GTX780","8046.00","2699.00","2.98","aktywne","Gigabyte","NVIDIA","GeForce",">= 512MB",">= 1GB",">= 1.5GB",">= 2GB"
"Asus GTX780TI-3GD5","GeForce GTX780","8046.00","2849.00","2.82","aktywne","Asus","NVIDIA","GeForce",">= 512MB",">= 1GB",">= 1.5GB",">= 2GB"
"MSI GTX 780Ti 3GD5","GeForce GTX780","8046.00","2849.00","2.82","aktywne","MSI","NVIDIA","GeForce",">= 512MB",">= 1GB",">= 1.5GB",">= 2GB"
"Asus GTXTITANBLACK-6GD5","GeForce GTXTitan","7957.00","4729.00","1.68","aktywne","Asus","NVIDIA","GeForce",">= 512MB",">= 1GB",">= 1.5GB",">= 2GB"
"Inno3D CTBP-1SDN-N5HSX","GeForce GTXTitan","7957.00","4936.71","1.61","brak inf.","Inno3D","NVIDIA","GeForce",">= 512MB",">= 1GB",">= 1.5GB",">= 2GB"
"Vertex 3D VXR9 290X 4GBD5-DHX","Radeon R9 290X","6872.00","1528.00","4.50","aktywne","Vertex","AMD","Radeon",">= 512MB",">= 1GB",">= 1.5GB",">= 2GB"
"Club 3D CGAX-R929X8","Radeon R9 290X","6872.00","1549.02","4.44","aktywne","Club","AMD","Radeon",">= 512MB",">= 1GB",">= 1.5GB",">= 2GB"
"MSI R9 290X 4GD5","Radeon R9 290X","6872.00","1559.70","4.41","aktywne","MSI","AMD","Radeon",">= 512MB",">= 1GB",">= 1.5GB",">= 2GB"
"Sapphire 21226-00-40G","Radeon R9 290X","6872.00","1587.00","4.33","aktywne","Sapphire","AMD","Radeon",">= 512MB",">= 1GB",">= 1.5GB",">= 2GB"
"Sapphire 11226-03-40G","Radeon R9 290X","6872.00","1632.70","4.21","aktywne","Sapphire","AMD","Radeon",">= 512MB",">= 1GB",">= 1.5GB",">= 2GB"
"Gigabyte GV-R929XOC-4GD-GA","Radeon R9 290X","6872.00","1646.93","4.17","aktywne","Gigabyte","AMD","Radeon",">= 512MB",">= 1GB",">= 1.5GB",">= 2GB"
"PowerColor AXR9 290X 4GBD5-PPDHE","Radeon R9 290X","6872.00","1664.38","4.13","aktywne","PowerColor","AMD","Radeon",">= 512MB",">= 1GB",">= 1.5GB",">= 2GB"
"MSI R9 290X GAMING 4G","Radeon R9 290X","6872.00","1685.25","4.08","aktywne","MSI","AMD","Radeon",">= 512MB",">= 1GB",">= 1.5GB",">= 2GB"
"Gigabyte GV-R929XWF3-4GD","Radeon R9 290X","6872.00","1694.34","4.06","aktywne","Gigabyte","AMD","Radeon",">= 512MB",">= 1GB",">= 1.5GB",">= 2GB"
"Asus R9290X-DC2OC-4GD5","Radeon R9 290X","6872.00","1713.50","4.01","aktywne","Asus","AMD","Radeon",">= 512MB",">= 1GB",">= 1.5GB",">= 2GB"
"Sapphire 11226-00-40G","Radeon R9 290X","6872.00","1734.00","3.96","aktywne","Sapphire","AMD","Radeon",">= 512MB",">= 1GB",">= 1.5GB",">= 2GB"
"Asus R9290X-DC2-4GD5","Radeon R9 290X","6872.00","1740.50","3.95","aktywne","Asus","AMD","Radeon",">= 512MB",">= 1GB",">= 1.5GB",">= 2GB"
"Club 3D CGAX-R929X8O","Radeon R9 290X","6872.00","1767.00","3.89","aktywne","Club","AMD","Radeon",">= 512MB",">= 1GB",">= 1.5GB",">= 2GB"
"Asus R9290X-4GD5","Radeon R9 290X","6872.00","1798.90","3.82","aktywne","Asus","AMD","Radeon",">= 512MB",">= 1GB",">= 1.5GB",">= 2GB"
"XFX R9-290X-EDFD","Radeon R9 290X","6872.00","1838.66","3.74","aktywne","XFX","AMD","Radeon",">= 512MB",">= 1GB",">= 1.5GB",">= 2GB"
"Sapphire 11226-10-40G","Radeon R9 290X","6872.00","1846.28","3.72","aktywne","Sapphire","AMD","Radeon",">= 512MB",">= 1GB",">= 1.5GB",">= 2GB"
"XFX R9-290X-EDBD","Radeon R9 290X","6872.00","1888.02","3.64","aktywne","XFX","AMD","Radeon",">= 512MB",">= 1GB",">= 1.5GB",">= 2GB"
"XFX R9-290X-8DFD","Radeon R9 290X","6872.00","1942.00","3.54","aktywne","XFX","AMD","Radeon",">= 512MB",">= 1GB",">= 1.5GB",">= 2GB"
"MSI R9 290X LIGHTNING","Radeon R9 290X","6872.00","1979.00","3.47","aktywne","MSI","AMD","Radeon",">= 512MB",">= 1GB",">= 1.5GB",">= 2GB"
"Asus MATRIX-R9290X-P-4GD5","Radeon R9 290X","6872.00","2052.79","3.35","aktywne","Asus","AMD","Radeon",">= 512MB",">= 1GB",">= 1.5GB",">= 2GB"
"Sapphire 11226-11-40G","Radeon R9 290X","6872.00","2099.01","3.27","aktywne","Sapphire","AMD","Radeon",">= 512MB",">= 1GB",">= 1.5GB",">= 2GB"
"Vertex 3D VXR9 290 4GBD5-DHX","Radeon R9 290","6540.00","1206.80","5.42","aktywne","Vertex","AMD","Radeon",">= 512MB",">= 1GB",">= 1.5GB",">= 2GB"
"Club 3D CGAX-R9298O","Radeon R9 290","6540.00","1310.00","4.99","aktywne","Club","AMD","Radeon",">= 512MB",">= 1GB",">= 1.5GB",">= 2GB"
"Asus R9290-DC2-4GD5","Radeon R9 290","6540.00","1337.47","4.89","aktywne","Asus","AMD","Radeon",">= 512MB",">= 1GB",">= 1.5GB",">= 2GB"
"Gigabyte GV-R929WF3-4GD","Radeon R9 290","6540.00","1345.00","4.86","aktywne","Gigabyte","AMD","Radeon",">= 512MB",">= 1GB",">= 1.5GB",">= 2GB"
"Club 3D CGAX-R9298","Radeon R9 290","6540.00","1381.22","4.73","aktywne","Club","AMD","Radeon",">= 512MB",">= 1GB",">= 1.5GB",">= 2GB"
"Sapphire 11227-00-40G","Radeon R9 290","6540.00","1387.00","4.72","aktywne","Sapphire","AMD","Radeon",">= 512MB",">= 1GB",">= 1.5GB",">= 2GB"
"Asus R9290-DC2OC-4GD5","Radeon R9 290","6540.00","1399.00","4.67","aktywne","Asus","AMD","Radeon",">= 512MB",">= 1GB",">= 1.5GB",">= 2GB"
"MSI R9 290 GAMING 4G","Radeon R9 290","6540.00","1407.74","4.65","aktywne","MSI","AMD","Radeon",">= 512MB",">= 1GB",">= 1.5GB",">= 2GB"
"Gigabyte GV-R929OC-4GD","Radeon R9 290","6540.00","1413.12","4.63","aktywne","Gigabyte","AMD","Radeon",">= 512MB",">= 1GB",">= 1.5GB",">= 2GB"
"XFX R9-290A-EDBD","Radeon R9 290","6540.00","1428.78","4.58","aktywne","XFX","AMD","Radeon",">= 512MB",">= 1GB",">= 1.5GB",">= 2GB"
"Sapphire 11227-04-40G","Radeon R9 290","6540.00","1490.89","4.39","aktywne","Sapphire","AMD","Radeon",">= 512MB",">= 1GB",">= 1.5GB",">= 2GB"
"XFX R9-290A-EDFD","Radeon R9 290","6540.00","1574.20","4.15","aktywne","XFX","AMD","Radeon",">= 512MB",">= 1GB",">= 1.5GB",">= 2GB"
"MSI N770-2GD5/OC","GeForce GTX770","6149.00","1169.00","5.26","aktywne","MSI","NVIDIA","GeForce",">= 512MB",">= 1GB",">= 1.5GB",">= 2GB"
"Palit NE5X770010G2J","GeForce GTX770","6149.00","1269.00","4.85","aktywne","Palit","NVIDIA","GeForce",">= 512MB",">= 1GB",">= 1.5GB",">= 2GB"
"ZOTAC ZT-70309-10P","GeForce GTX770","6149.00","1321.50","4.65","aktywne","ZOTAC","NVIDIA","GeForce",">= 512MB",">= 1GB",">= 1.5GB",">= 2GB"
"Asus GTX770-DC2OC-2GD5","GeForce GTX770","6149.00","1380.00","4.46","aktywne","Asus","NVIDIA","GeForce",">= 512MB",">= 1GB",">= 1.5GB",">= 2GB"
"Inno3D C77P-3SDN-E5DSX","GeForce GTX770","6149.00","1452.80","4.23","brak inf.","Inno3D","NVIDIA","GeForce",">= 512MB",">= 1GB",">= 1.5GB",">= 2GB"
"Gigabyte GV-N770WF3-2GD","GeForce GTX770","6149.00","1494.50","4.11","aktywne","Gigabyte","NVIDIA","GeForce",">= 512MB",">= 1GB",">= 1.5GB",">= 2GB"
"Palit NE5X770H1042-1045J","GeForce GTX770","6149.00","1738.10","3.54","aktywne","Palit","NVIDIA","GeForce",">= 512MB",">= 1GB",">= 1.5GB",">= 2GB"
"Asus GTX670-DC2OG-2GD5","GeForce GTX670","5382.00","1217.80","4.42","aktywne","Asus","NVIDIA","GeForce",">= 512MB",">= 1GB",">= 1.5GB",">= 2GB"
"Sapphire 11230-00-40G","Radeon R9 280X","5177.00","900.00","5.75","aktywne","Sapphire","AMD","Radeon",">= 512MB",">= 1GB",">= 1.5GB",">= 2GB"
"Vertex 3D VXR9 280X 3GBD5-2DHE","Radeon R9 280X","5177.00","1030.80","5.02","aktywne","Vertex","AMD","Radeon",">= 512MB",">= 1GB",">= 1.5GB",">= 2GB"
"Asus R9280X-DC2-3GD5","Radeon R9 280X","5177.00","1039.00","4.98","aktywne","Asus","AMD","Radeon",">= 512MB",">= 1GB",">= 1.5GB",">= 2GB"
"Club 3D CGAX-R928X7O","Radeon R9 280X","5177.00","1093.85","4.73","aktywne","Club","AMD","Radeon",">= 512MB",">= 1GB",">= 1.5GB",">= 2GB"
"MSI R9 280X GAMING 3G","Radeon R9 280X","5177.00","1099.23","4.71","aktywne","MSI","AMD","Radeon",">= 512MB",">= 1GB",">= 1.5GB",">= 2GB"
"XFX R9-280X-TDFD","Radeon R9 280X","5177.00","1111.51","4.66","aktywne","XFX","AMD","Radeon",">= 512MB",">= 1GB",">= 1.5GB",">= 2GB"
"PowerColor AXR9 280X 3GBD5-T2DHE/OC","Radeon R9 280X","5177.00","1118.29","4.63","aktywne","PowerColor","AMD","Radeon",">= 512MB",">= 1GB",">= 1.5GB",">= 2GB"
"Sapphire 11221-20-40G","Radeon R9 280X","5177.00","1150.52","4.50","aktywne","Sapphire","AMD","Radeon",">= 512MB",">= 1GB",">= 1.5GB",">= 2GB"
"XFX R9-280X-TDBD","Radeon R9 280X","5177.00","1162.50","4.45","aktywne","XFX","AMD","Radeon",">= 512MB",">= 1GB",">= 1.5GB",">= 2GB"
"Sapphire 11221-20-20G","Radeon R9 280X","5177.00","1169.94","4.43","aktywne","Sapphire","AMD","Radeon",">= 512MB",">= 1GB",">= 1.5GB",">= 2GB"
"Sapphire 11221-00-25G","Radeon R9 280X","5177.00","1199.00","4.32","aktywne","Sapphire","AMD","Radeon",">= 512MB",">= 1GB",">= 1.5GB",">= 2GB"
"Sapphire 11221-00-20G","Radeon R9 280X","5177.00","1199.85","4.31","aktywne","Sapphire","AMD","Radeon",">= 512MB",">= 1GB",">= 1.5GB",">= 2GB"
"Gigabyte GV-R928XOC-3GD","Radeon R9 280X","5177.00","1205.00","4.30","aktywne","Gigabyte","AMD","Radeon",">= 512MB",">= 1GB",">= 1.5GB",">= 2GB"
"Sapphire 11221-12-40G","Radeon R9 280X","5177.00","1214.03","4.26","aktywne","Sapphire","AMD","Radeon",">= 512MB",">= 1GB",">= 1.5GB",">= 2GB"
"Asus R9280X-DC2T-3GD5","Radeon R9 280X","5177.00","1215.00","4.26","aktywne","Asus","AMD","Radeon",">= 512MB",">= 1GB",">= 1.5GB",">= 2GB"
"Sapphire 11221-22-20G","Radeon R9 280X","5177.00","1215.00","4.26","aktywne","Sapphire","AMD","Radeon",">= 512MB",">= 1GB",">= 1.5GB",">= 2GB"
"Sapphire 11221-00-40G","Radeon R9 280X","5177.00","1314.95","3.94","aktywne","Sapphire","AMD","Radeon",">= 512MB",">= 1GB",">= 1.5GB",">= 2GB"
"MSI V277-053R","Radeon R9 280X","5177.00","1384.16","3.74","aktywne","MSI","AMD","Radeon",">= 512MB",">= 1GB",">= 1.5GB",">= 2GB"
"Gigabyte GV-R929XD5-4GD-B","Radeon R9 280X","5177.00","1819.50","2.85","aktywne","Gigabyte","AMD","Radeon",">= 512MB",">= 1GB",">= 1.5GB",">= 2GB"
"Club 3D CGAX-R9287O","Radeon R9 280","5091.00","851.60","5.98","aktywne","Club","AMD","Radeon",">= 512MB",">= 1GB",">= 1.5GB",">= 2GB"
"Sapphire 11230-00-20G","Radeon R9 280","5091.00","859.14","5.93","aktywne","Sapphire","AMD","Radeon",">= 512MB",">= 1GB",">= 1.5GB",">= 2GB"
"Gigabyte GV-R928WF3OC-3GD","Radeon R9 280","5091.00","906.84","5.61","aktywne","Gigabyte","AMD","Radeon",">= 512MB",">= 1GB",">= 1.5GB",">= 2GB"
"MSI R9 280 GAMING 3G","Radeon R9 280","5091.00","909.00","5.60","aktywne","MSI","AMD","Radeon",">= 512MB",">= 1GB",">= 1.5GB",">= 2GB"
"XFX R9-280A-TDFD","Radeon R9 280","5091.00","921.00","5.53","aktywne","XFX","AMD","Radeon",">= 512MB",">= 1GB",">= 1.5GB",">= 2GB"
"Asus R9280-DC2T-3GD5","Radeon R9 280","5091.00","953.55","5.34","aktywne","Asus","AMD","Radeon",">= 512MB",">= 1GB",">= 1.5GB",">= 2GB"
"Asus STRIX-R9285-DC2OC-2GD","Radeon R9 280","5091.00","1189.00","4.28","aktywne","Asus","AMD","Radeon",">= 512MB",">= 1GB",">= 1.5GB",">= 2GB"
"XFX R9-280A-TDBD","Radeon R9 280","5091.00","1198.80","4.25","aktywne","XFX","AMD","Radeon",">= 512MB",">= 1GB",">= 1.5GB",">= 2GB"
"Vertex 3D VX7970 3GBD5-2DHXE","Radeon HD7970","5085.00","1690.22","3.01","aktywne","Vertex","AMD","Radeon",">= 512MB",">= 1GB",">= 1.5GB",">= 2GB"
"MSI N760 2GD5/OC","GeForce GTX760","4968.00","807.00","6.16","aktywne","MSI","NVIDIA","GeForce",">= 512MB",">= 1GB",">= 1.5GB",">= 2GB"
"Gigabyte GV-N760WF2OC-2GD","GeForce GTX760","4968.00","903.50","5.50","aktywne","Gigabyte","NVIDIA","GeForce",">= 512MB",">= 1GB",">= 1.5GB",">= 2GB"
"Gainward 426018336-3002","GeForce GTX760","4968.00","926.00","5.37","aktywne","Gainward","NVIDIA","GeForce",">= 512MB",">= 1GB",">= 1.5GB",">= 2GB"
"Asus GTX760-DC2OC-2GD5","GeForce GTX760","4968.00","958.01","5.19","aktywne","Asus","NVIDIA","GeForce",">= 512MB",">= 1GB",">= 1.5GB",">= 2GB"
"Asus GTX760-DCMOC-2GD5","GeForce GTX760","4968.00","959.36","5.18","aktywne","Asus","NVIDIA","GeForce",">= 512MB",">= 1GB",">= 1.5GB",">= 2GB"
"Gainward 426018336-2999","GeForce GTX760","4968.00","971.00","5.12","aktywne","Gainward","NVIDIA","GeForce",">= 512MB",">= 1GB",">= 1.5GB",">= 2GB"
"Gigabyte GV-N760OC-2GD","GeForce GTX760","4968.00","975.00","5.10","aktywne","Gigabyte","NVIDIA","GeForce",">= 512MB",">= 1GB",">= 1.5GB",">= 2GB"
"MSI N760 TF 2GD5/OC","GeForce GTX760","4968.00","983.00","5.05","aktywne","MSI","NVIDIA","GeForce",">= 512MB",">= 1GB",">= 1.5GB",">= 2GB"
"ZOTAC ZT-70401-10P","GeForce GTX760","4968.00","999.50","4.97","aktywne","ZOTAC","NVIDIA","GeForce",">= 512MB",">= 1GB",">= 1.5GB",">= 2GB"
"Palit NE5X760H1042J","GeForce GTX760","4968.00","1007.00","4.93","aktywne","Palit","NVIDIA","GeForce",">= 512MB",">= 1GB",">= 1.5GB",">= 2GB"
"EVGA 02G-P4-2761-KR","GeForce GTX760","4968.00","1014.48","4.90","aktywne","EVGA","NVIDIA","GeForce",">= 512MB",">= 1GB",">= 1.5GB",">= 2GB"
"ZOTAC ZT-70402-10P","GeForce GTX760","4968.00","1044.07","4.76","aktywne","ZOTAC","NVIDIA","GeForce",">= 512MB",">= 1GB",">= 1.5GB",">= 2GB"
"Asus GTX760-DC2-2GD5","GeForce GTX760","4968.00","1071.20","4.64","aktywne","Asus","NVIDIA","GeForce",">= 512MB",">= 1GB",">= 1.5GB",">= 2GB"
"Asus 90YV04Q3-M0NA00","GeForce GTX760","4968.00","1073.88","4.63","aktywne","Asus","NVIDIA","GeForce",">= 512MB",">= 1GB",">= 1.5GB",">= 2GB"
"Asus GTX760-DC2T-2GD5-SSU","GeForce GTX760","4968.00","1093.42","4.54","aktywne","Asus","NVIDIA","GeForce",">= 512MB",">= 1GB",">= 1.5GB",">= 2GB"
"Asus GTX760-DC2-SSU","GeForce GTX760","4968.00","1100.00","4.52","aktywne","Asus","NVIDIA","GeForce",">= 512MB",">= 1GB",">= 1.5GB",">= 2GB"
"ZOTAC ZT-70406-10P","GeForce GTX760","4968.00","1102.00","4.51","aktywne","ZOTAC","NVIDIA","GeForce",">= 512MB",">= 1GB",">= 1.5GB",">= 2GB"
"Asus GTX760-DC2T-SSU","GeForce GTX760","4968.00","1114.19","4.46","pasywne","Asus","NVIDIA","GeForce",">= 512MB",">= 1GB",">= 1.5GB",">= 2GB"
"Gainward 426018336-3033","GeForce GTX760","4968.00","1118.98","4.44","aktywne","Gainward","NVIDIA","GeForce",">= 512MB",">= 1GB",">= 1.5GB",">= 2GB"
"EVGA 02G-P4-3765-KR","GeForce GTX760","4968.00","1141.93","4.35","aktywne","EVGA","NVIDIA","GeForce",">= 512MB",">= 1GB",">= 1.5GB",">= 2GB"
"Inno3D C760-1SDN-E5DSX","GeForce GTX760","4968.00","1149.60","4.32","aktywne","Inno3D","NVIDIA","GeForce",">= 512MB",">= 1GB",">= 1.5GB",">= 2GB"
"Gigabyte GV-N760OC-4GD","GeForce GTX760","4968.00","1159.00","4.29","aktywne","Gigabyte","NVIDIA","GeForce",">= 512MB",">= 1GB",">= 1.5GB",">= 2GB"
"EVGA 04G-P4-3768-KR","GeForce GTX760","4968.00","1492.30","3.33","aktywne","EVGA","NVIDIA","GeForce",">= 512MB",">= 1GB",">= 1.5GB",">= 2GB"
"Asus MARS760-4GD5","GeForce GTX760","4968.00","1710.39","2.90","aktywne","Asus","NVIDIA","GeForce",">= 512MB",">= 1GB",">= 1.5GB",">= 2GB"
"Vertex 3D 3GBD5-2DHXE","Radeon HD7950","4675.00","869.10","5.38","aktywne","Vertex","AMD","Radeon",">= 512MB",">= 1GB",">= 1.5GB",">= 2GB"
"Sapphire 11196-19-20G","Radeon HD7950","4675.00","899.00","5.20","aktywne","Sapphire","AMD","Radeon",">= 512MB",">= 1GB",">= 1.5GB",">= 2GB"
"MSI R7950 TF 3GD5/OC BE","Radeon HD7950","4675.00","1099.00","4.25","aktywne","MSI","AMD","Radeon",">= 512MB",">= 1GB",">= 1.5GB",">= 2GB"
"Club 3D CGAX-R927X614","Radeon R9 270X","4515.00","749.00","6.03","aktywne","Club","AMD","Radeon",">= 512MB",">= 1GB",">= 1.5GB",">= 2GB"
"XFX R9-270X-CDFC","Radeon R9 270X","4515.00","759.00","5.95","aktywne","XFX","AMD","Radeon",">= 512MB",">= 1GB",">= 1.5GB",">= 2GB"
"XFX R9-270X-CDJC","Radeon R9 270X","4515.00","778.13","5.80","aktywne","XFX","AMD","Radeon",">= 512MB",">= 1GB",">= 1.5GB",">= 2GB"
"Sapphire 11217-01-20G","Radeon R9 270X","4515.00","801.40","5.63","aktywne","Sapphire","AMD","Radeon",">= 512MB",">= 1GB",">= 1.5GB",">= 2GB"
"MSI R9 270X GAMING 2G","Radeon R9 270X","4515.00","803.74","5.62","aktywne","MSI","AMD","Radeon",">= 512MB",">= 1GB",">= 1.5GB",">= 2GB"
"Sapphire 11217-01-40G","Radeon R9 270X","4515.00","804.68","5.61","aktywne","Sapphire","AMD","Radeon",">= 512MB",">= 1GB",">= 1.5GB",">= 2GB"
"Club 3D CGAX-R927X6F","Radeon R9 270X","4515.00","809.00","5.58","aktywne","Club","AMD","Radeon",">= 512MB",">= 1GB",">= 1.5GB",">= 2GB"
"Asus R9270X-DC2-2GD5","Radeon R9 270X","4515.00","811.90","5.56","aktywne","Asus","AMD","Radeon",">= 512MB",">= 1GB",">= 1.5GB",">= 2GB"
"Gigabyte GV-R927XOC-2GD","Radeon R9 270X","4515.00","817.50","5.52","aktywne","Gigabyte","AMD","Radeon",">= 512MB",">= 1GB",">= 1.5GB",">= 2GB"
"XFX R9-270X-CDBC","Radeon R9 270X","4515.00","828.04","5.45","aktywne","XFX","AMD","Radeon",">= 512MB",">= 1GB",">= 1.5GB",">= 2GB"
"Club 3D CGAX-R927X6","Radeon R9 270X","4515.00","845.20","5.34","aktywne","Club","AMD","Radeon",">= 512MB",">= 1GB",">= 1.5GB",">= 2GB"
"Asus 90YV04U2-M0NA00","Radeon R9 270X","4515.00","853.36","5.29","aktywne","Asus","AMD","Radeon",">= 512MB",">= 1GB",">= 1.5GB",">= 2GB"
"Asus R9270X-DC2T-2GD5","Radeon R9 270X","4515.00","865.96","5.21","aktywne","Asus","AMD","Radeon",">= 512MB",">= 1GB",">= 1.5GB",">= 2GB"
"MSI R9 270X Hawk","Radeon R9 270X","4515.00","870.23","5.19","aktywne","MSI","AMD","Radeon",">= 512MB",">= 1GB",">= 1.5GB",">= 2GB"
"Sapphire 11217-00-20G","Radeon R9 270X","4515.00","877.12","5.15","aktywne","Sapphire","AMD","Radeon",">= 512MB",">= 1GB",">= 1.5GB",">= 2GB"
"Sapphire 11217-00-40G","Radeon R9 270X","4515.00","883.34","5.11","aktywne","Sapphire","AMD","Radeon",">= 512MB",">= 1GB",">= 1.5GB",">= 2GB"
"Sapphire 11217-04-10G","Radeon R9 270X","4515.00","892.49","5.06","aktywne","Sapphire","AMD","Radeon",">= 512MB",">= 1GB",">= 1.5GB",">= 2GB"
"Sapphire 11220-03-20G","Radeon R9 270X","4515.00","893.30","5.05","aktywne","Sapphire","AMD","Radeon",">= 512MB",">= 1GB",">= 1.5GB",">= 2GB"
"XFX R9-270X-EDJ4","Radeon R9 270X","4515.00","894.92","5.05","aktywne","XFX","AMD","Radeon",">= 512MB",">= 1GB",">= 1.5GB",">= 2GB"
"XFX R9-270X-EDFC","Radeon R9 270X","4515.00","897.87","5.03","aktywne","XFX","AMD","Radeon",">= 512MB",">= 1GB",">= 1.5GB",">= 2GB"
"Sapphire 11217-04-20G","Radeon R9 270X","4515.00","902.80","5.00","aktywne","Sapphire","AMD","Radeon",">= 512MB",">= 1GB",">= 1.5GB",">= 2GB"
"Sapphire 11217-02-40G","Radeon R9 270X","4515.00","921.78","4.90","aktywne","Sapphire","AMD","Radeon",">= 512MB",">= 1GB",">= 1.5GB",">= 2GB"
"MSI R9 270X GAMING 4G","Radeon R9 270X","4515.00","939.00","4.81","aktywne","MSI","AMD","Radeon",">= 512MB",">= 1GB",">= 1.5GB",">= 2GB"
"Asus R9270X-DC2T-4GD5","Radeon R9 270X","4515.00","1007.94","4.48","aktywne","Asus","AMD","Radeon",">= 512MB",">= 1GB",">= 1.5GB",">= 2GB"
"Gigabyte GV-R787OC-2GD","Radeon HD7870","4257.00","983.75","4.33","aktywne","Gigabyte","AMD","Radeon",">= 512MB",">= 1GB",">= 1.5GB",">= 2GB"
"Club 3D CGAX-R927614","Radeon R9 270","4184.00","675.00","6.20","aktywne","Club","AMD","Radeon",">= 512MB",">= 1GB",">= 1.5GB",">= 2GB"
"Sapphire 11220-00-10G","Radeon R9 270","4184.00","699.00","5.99","aktywne","Sapphire","AMD","Radeon",">= 512MB",">= 1GB",">= 1.5GB",">= 2GB"
"Sapphire 11220-00-20G","Radeon R9 270","4184.00","703.61","5.95","aktywne","Sapphire","AMD","Radeon",">= 512MB",">= 1GB",">= 1.5GB",">= 2GB"
"XFX R9-270A-CNFC","Radeon R9 270","4184.00","705.00","5.93","aktywne","XFX","AMD","Radeon",">= 512MB",">= 1GB",">= 1.5GB",">= 2GB"
"Asus R9270-DC2OC-2GD","Radeon R9 270","4184.00","708.00","5.91","aktywne","Asus","AMD","Radeon",">= 512MB",">= 1GB",">= 1.5GB",">= 2GB"
"Asus R9270-DC2OC-2GD5","Radeon R9 270","4184.00","712.80","5.87","aktywne","Asus","AMD","Radeon",">= 512MB",">= 1GB",">= 1.5GB",">= 2GB"
"MSI R9 270 GAMING 2G","Radeon R9 270","4184.00","716.00","5.84","aktywne","MSI","AMD","Radeon",">= 512MB",">= 1GB",">= 1.5GB",">= 2GB"
"Gigabyte GV-R927OC-2GD","Radeon R9 270","4184.00","718.50","5.82","aktywne","Gigabyte","AMD","Radeon",">= 512MB",">= 1GB",">= 1.5GB",">= 2GB"
"Sapphire 11220-00-40G","Radeon R9 270","4184.00","725.83","5.76","aktywne","Sapphire","AMD","Radeon",">= 512MB",">= 1GB",">= 1.5GB",">= 2GB"
"XFX R9-270A-CDFC","Radeon R9 270","4184.00","731.24","5.72","aktywne","XFX","AMD","Radeon",">= 512MB",">= 1GB",">= 1.5GB",">= 2GB"
"Club 3D CGAX-R9276","Radeon R9 270","4184.00","795.90","5.26","aktywne","Club","AMD","Radeon",">= 512MB",">= 1GB",">= 1.5GB",">= 2GB"
"MSI N660 GAMING 2GD5/OC","GeForce GTX660","4119.00","708.00","5.82","aktywne","MSI","NVIDIA","GeForce",">= 512MB",">= 1GB",">= 1.5GB",">= 2GB"
"ZOTAC ZT-60901-10S","GeForce GTX660","4119.00","716.36","5.75","aktywne","ZOTAC","NVIDIA","GeForce",">= 512MB",">= 1GB",">= 1.5GB",">= 2GB"
"Asus GTX660-DC2O-2GD5","GeForce GTX660","4119.00","727.10","5.66","aktywne","Asus","NVIDIA","GeForce",">= 512MB",">= 1GB",">= 1.5GB",">= 2GB"
"Gigabyte GV-N660WF2-2GD","GeForce GTX660","4119.00","736.60","5.59","aktywne","Gigabyte","NVIDIA","GeForce",">= 512MB",">= 1GB",">= 1.5GB",">= 2GB"
"ZOTAC ZT-60904-10M","GeForce GTX660","4119.00","746.59","5.52","aktywne","ZOTAC","NVIDIA","GeForce",">= 512MB",">= 1GB",">= 1.5GB",">= 2GB"
"Asus GTX660-DC2-2GD5","GeForce GTX660","4119.00","749.00","5.50","aktywne","Asus","NVIDIA","GeForce",">= 512MB",">= 1GB",">= 1.5GB",">= 2GB"
"Gainward 426018336-2777","GeForce GTX660","4119.00","750.00","5.49","aktywne","Gainward","NVIDIA","GeForce",">= 512MB",">= 1GB",">= 1.5GB",">= 2GB"
"Gigabyte GV-N660OC-2GD","GeForce GTX660","4119.00","770.00","5.35","aktywne","Gigabyte","NVIDIA","GeForce",">= 512MB",">= 1GB",">= 1.5GB",">= 2GB"
"Gigabyte GV-N66WF2-2GD","GeForce GTX660","4119.00","774.00","5.32","aktywne","Gigabyte","NVIDIA","GeForce",">= 512MB",">= 1GB",">= 1.5GB",">= 2GB"
"Asus GTX660-DC2OCPH-2GD5","GeForce GTX660","4119.00","796.79","5.17","aktywne","Asus","NVIDIA","GeForce",">= 512MB",">= 1GB",">= 1.5GB",">= 2GB"
"Gigabyte GV-N660OC-3GD","GeForce GTX660","4119.00","803.53","5.13","aktywne","Gigabyte","NVIDIA","GeForce",">= 512MB",">= 1GB",">= 1.5GB",">= 2GB"
"XFX FX-785A-ZDF4","Radeon HD7850","3735.00","696.86","5.36","aktywne","XFX","AMD","Radeon",">= 512MB",">= 1GB","< 1.5GB","< 1GB"
"XFX FX-785A-CDBC","Radeon HD7850","3735.00","869.99","4.29","aktywne","XFX","AMD","Radeon",">= 512MB",">= 1GB",">= 1.5GB",">= 2GB"
"Club 3D CGAX-7856M6","Radeon HD7850","3735.00","1193.39","3.13","aktywne","Club","AMD","Radeon",">= 512MB",">= 1GB",">= 1.5GB",">= 2GB"
"Gigabyte GV-N750TOC-2GL","GeForce GTX750Ti","3685.00","587.92","6.27","aktywne","Gigabyte","NVIDIA","GeForce",">= 512MB",">= 1GB",">= 1.5GB",">= 2GB"
"Gigabyte GV-N75TOC-2GL","GeForce GTX750Ti","3685.00","629.08","5.86","aktywne","Gigabyte","NVIDIA","GeForce",">= 512MB",">= 1GB",">= 1.5GB",">= 2GB"
"Gainward 4260183363-3088","GeForce GTX750Ti","3685.00","674.40","5.46","aktywne","Gainward","NVIDIA","GeForce",">= 512MB",">= 1GB",">= 1.5GB",">= 2GB"
"Galaxy 75IPH8HXB9XX","GeForce GTX750Ti","3685.00","697.85","5.28","aktywne","Galaxy","NVIDIA","GeForce",">= 512MB",">= 1GB",">= 1.5GB",">= 2GB"
"Asus 90YV06W0-M0NA00","GeForce GTX750Ti","3685.00","789.55","4.67","aktywne","Asus","NVIDIA","GeForce",">= 512MB",">= 1GB",">= 1.5GB",">= 2GB"
"ZOTAC ZT-50306-10M","GeForce GTX560Ti","3546.00","825.00","4.30","aktywne","ZOTAC","NVIDIA","GeForce",">= 512MB",">= 1GB","< 1.5GB","< 1GB"
"Gainward 426018336-1824","GeForce GTX560Ti","3546.00","843.01","4.21","aktywne","Gainward","NVIDIA","GeForce",">= 512MB",">= 1GB","< 1.5GB","< 1GB"
"Gainward 426018336-3132","GeForce GTX750","3264.00","474.56","6.88","aktywne","Gainward","NVIDIA","GeForce",">= 512MB",">= 1GB","< 1.5GB","< 1GB"
"Gigabyte GV-N750OC-1GI","GeForce GTX750","3264.00","477.26","6.84","aktywne","Gigabyte","NVIDIA","GeForce",">= 512MB",">= 1GB","< 1.5GB","< 1GB"
"Palit NE5X750S1301F","GeForce GTX750","3264.00","477.83","6.83","aktywne","Palit","NVIDIA","GeForce",">= 512MB",">= 1GB","< 1.5GB","< 1GB"
"EVGA 01G-P4-2751-KR","GeForce GTX750","3264.00","482.01","6.77","aktywne","EVGA","NVIDIA","GeForce",">= 512MB",">= 1GB","< 1.5GB","< 1GB"
"Palit NE5X750S1301-1073F","GeForce GTX750","3264.00","482.50","6.76","aktywne","Palit","NVIDIA","GeForce",">= 512MB",">= 1GB","< 1.5GB","< 1GB"
"MSI N750-1GD5/OC","GeForce GTX750","3264.00","484.50","6.74","aktywne","MSI","NVIDIA","GeForce",">= 512MB",">= 1GB","< 1.5GB","< 1GB"
"ZOTAC ZT-70706-10M","GeForce GTX750","3264.00","485.01","6.73","aktywne","ZOTAC","NVIDIA","GeForce",">= 512MB",">= 1GB","< 1.5GB","< 1GB"
"ZOTAC ZT-70701-10M","GeForce GTX750","3264.00","489.00","6.67","aktywne","ZOTAC","NVIDIA","GeForce",">= 512MB",">= 1GB","< 1.5GB","< 1GB"
"Palit NE5X75001341F","GeForce GTX750","3264.00","497.21","6.56","aktywne","Palit","NVIDIA","GeForce",">= 512MB",">= 1GB",">= 1.5GB",">= 2GB"
"Asus GTX750-PHOC-1GD5","GeForce GTX750","3264.00","499.00","6.54","aktywne","Asus","NVIDIA","GeForce",">= 512MB",">= 1GB","< 1.5GB","< 1GB"
"Gainward 426018336-3149","GeForce GTX750","3264.00","502.23","6.50","aktywne","Gainward","NVIDIA","GeForce",">= 512MB",">= 1GB","< 1.5GB","< 1GB"
"Gigabyte GV-N750OC-2GL","GeForce GTX750","3264.00","505.00","6.46","aktywne","Gigabyte","NVIDIA","GeForce",">= 512MB",">= 1GB",">= 1.5GB",">= 2GB"
"Inno3D N750-1SDV-D5CW","GeForce GTX750","3264.00","506.68","6.44","aktywne","Inno3D","NVIDIA","GeForce",">= 512MB",">= 1GB","< 1.5GB","< 1GB"
"ZOTAC ZT-70702-10M","GeForce GTX750","3264.00","508.00","6.43","aktywne","ZOTAC","NVIDIA","GeForce",">= 512MB",">= 1GB","< 1.5GB","< 1GB"
"Palit NE5X75001341-1073F","GeForce GTX750","3264.00","510.00","6.40","aktywne","Palit","NVIDIA","GeForce",">= 512MB",">= 1GB",">= 1.5GB",">= 2GB"
"Gigabyte GV-N750OC-2GI","GeForce GTX750","3264.00","514.64","6.34","aktywne","Gigabyte","NVIDIA","GeForce",">= 512MB",">= 1GB",">= 1.5GB",">= 2GB"
"MSI N750-2GD5/OCV1","GeForce GTX750","3264.00","519.00","6.29","aktywne","MSI","NVIDIA","GeForce",">= 512MB",">= 1GB",">= 1.5GB",">= 2GB"
"EVGA 01G-P4-2753-KR","GeForce GTX750","3264.00","527.92","6.18","aktywne","EVGA","NVIDIA","GeForce",">= 512MB",">= 1GB","< 1.5GB","< 1GB"
"Gainward 426018336-3330","GeForce GTX750","3264.00","528.00","6.18","pasywne","Gainward","NVIDIA","GeForce",">= 512MB",">= 1GB",">= 1.5GB",">= 2GB"
"ZOTAC ZT-70704-10M","GeForce GTX750","3264.00","537.63","6.07","aktywne","ZOTAC","NVIDIA","GeForce",">= 512MB",">= 1GB",">= 1.5GB",">= 2GB"
"ZOTAC ZT-70707-20M","GeForce GTX750","3264.00","546.50","5.97","pasywne","ZOTAC","NVIDIA","GeForce",">= 512MB",">= 1GB","< 1.5GB","< 1GB"
"Asus GTX750-PHOC-2GD5","GeForce GTX750","3264.00","559.00","5.84","aktywne","Asus","NVIDIA","GeForce",">= 512MB",">= 1GB",">= 1.5GB",">= 2GB"
"Palit NE5X75000941H","GeForce GTX750","3264.00","559.00","5.84","pasywne","Palit","NVIDIA","GeForce",">= 512MB",">= 1GB",">= 1.5GB",">= 2GB"
"Asus 90YV05L1-M0NA00","GeForce GTX750","3264.00","572.15","5.70","aktywne","Asus","NVIDIA","GeForce",">= 512MB",">= 1GB","< 1.5GB","< 1GB"
"ZOTAC ZT-70603-10M","GeForce GTX750","3264.00","579.00","5.64","aktywne","ZOTAC","NVIDIA","GeForce",">= 512MB",">= 1GB","< 1.5GB","< 1GB"
"Asus 90YV05Y3-M0NA00","GeForce GTX750","3264.00","579.53","5.63","aktywne","Asus","NVIDIA","GeForce",">= 512MB",">= 1GB",">= 1.5GB",">= 2GB"
"EVGA 02G-P4-2754-KR","GeForce GTX750","3264.00","595.00","5.49","aktywne","EVGA","NVIDIA","GeForce",">= 512MB",">= 1GB",">= 1.5GB",">= 2GB"
"Palit NE5X75TS1341","GeForce GTX750","3264.00","595.59","5.48","aktywne","Palit","NVIDIA","GeForce",">= 512MB",">= 1GB",">= 1.5GB",">= 2GB"
"Gainward 426018336-3088","GeForce GTX750","3264.00","599.67","5.44","aktywne","Gainward","NVIDIA","GeForce",">= 512MB",">= 1GB",">= 1.5GB",">= 2GB"
"ZOTAC ZT-70605-10M","GeForce GTX750","3264.00","603.69","5.41","aktywne","ZOTAC","NVIDIA","GeForce",">= 512MB",">= 1GB",">= 1.5GB",">= 2GB"
"MSI N750Ti-2GD5/OC","GeForce GTX750","3264.00","615.62","5.30","aktywne","MSI","NVIDIA","GeForce",">= 512MB",">= 1GB",">= 1.5GB",">= 2GB"
"ZOTAC ZT-70601-10M","GeForce GTX750","3264.00","623.91","5.23","aktywne","ZOTAC","NVIDIA","GeForce",">= 512MB",">= 1GB",">= 1.5GB",">= 2GB"
"Asus GTX750TI-PH-2GD5","GeForce GTX750","3264.00","626.22","5.21","aktywne","Asus","NVIDIA","GeForce",">= 512MB",">= 1GB",">= 1.5GB",">= 2GB"
"Gainward 426018336-3071","GeForce GTX750","3264.00","629.00","5.19","aktywne","Gainward","NVIDIA","GeForce",">= 512MB",">= 1GB",">= 1.5GB",">= 2GB"
"Gigabyte GV-N75TD5-2GI","GeForce GTX750","3264.00","630.00","5.18","aktywne","Gigabyte","NVIDIA","GeForce",">= 512MB",">= 1GB",">= 1.5GB",">= 2GB"
"Gigabyte GV-N75TOC-2GI","GeForce GTX750","3264.00","631.64","5.17","aktywne","Gigabyte","NVIDIA","GeForce",">= 512MB",">= 1GB",">= 1.5GB",">= 2GB"
"Palit NE5X75TS1341F","GeForce GTX750","3264.00","632.33","5.16","aktywne","Palit","NVIDIA","GeForce",">= 512MB",">= 1GB",">= 1.5GB",">= 2GB"
"ZOTAC ZT-70606-10M","GeForce GTX750","3264.00","634.00","5.15","aktywne","ZOTAC","NVIDIA","GeForce",">= 512MB",">= 1GB",">= 1.5GB",">= 2GB"
"EVGA 02G-P4-3751-KR","GeForce GTX750","3264.00","645.00","5.06","aktywne","EVGA","NVIDIA","GeForce",">= 512MB",">= 1GB",">= 1.5GB",">= 2GB"
"Palit NE5X75TT1341-1073F","GeForce GTX750","3264.00","655.00","4.98","aktywne","Palit","NVIDIA","GeForce",">= 512MB",">= 1GB",">= 1.5GB",">= 2GB"
"Palit NE5X75TT1341F","GeForce GTX750","3264.00","659.00","4.95","aktywne","Palit","NVIDIA","GeForce",">= 512MB",">= 1GB",">= 1.5GB",">= 2GB"
"Asus GTX750TI-2GD5","GeForce GTX750","3264.00","659.00","4.95","aktywne","Asus","NVIDIA","GeForce",">= 512MB",">= 1GB",">= 1.5GB",">= 2GB"
"MSI N750Ti TF 2GD5/OC","GeForce GTX750","3264.00","661.84","4.93","aktywne","MSI","NVIDIA","GeForce",">= 512MB",">= 1GB",">= 1.5GB",">= 2GB"
"Inno3D N75T-1SDV-E5CWX","GeForce GTX750","3264.00","669.02","4.88","aktywne","Inno3D","NVIDIA","GeForce",">= 512MB",">= 1GB",">= 1.5GB",">= 2GB"
"Asus GTX750TI-OC-2GD5","GeForce GTX750","3264.00","671.94","4.86","aktywne","Asus","NVIDIA","GeForce",">= 512MB",">= 1GB",">= 1.5GB",">= 2GB"
"Palit NE5X75T00941H","GeForce GTX750","3264.00","672.89","4.85","pasywne","Palit","NVIDIA","GeForce",">= 512MB",">= 1GB",">= 1.5GB",">= 2GB"
"ZOTAC ZT-70602-10M","GeForce GTX750","3264.00","685.10","4.76","aktywne","ZOTAC","NVIDIA","GeForce",">= 512MB",">= 1GB",">= 1.5GB",">= 2GB"
"Gigabyte GV-N75TWF2BK-2GI","GeForce GTX750","3264.00","701.81","4.65","aktywne","Gigabyte","NVIDIA","GeForce",">= 512MB",">= 1GB",">= 1.5GB",">= 2GB"
"EVGA 02G-P4-3755-KR","GeForce GTX750","3264.00","705.00","4.63","aktywne","EVGA","NVIDIA","GeForce",">= 512MB",">= 1GB",">= 1.5GB",">= 2GB"
"EVGA 02G-P4-3753-KR","GeForce GTX750","3264.00","705.01","4.63","aktywne","EVGA","NVIDIA","GeForce",">= 512MB",">= 1GB",">= 1.5GB",">= 2GB"
"EVGA 02G-P4-3757-KR","GeForce GTX750","3264.00","708.30","4.61","aktywne","EVGA","NVIDIA","GeForce",">= 512MB",">= 1GB",">= 1.5GB",">= 2GB"
"Asus STRIX-GTX750TI-OC-2GD5","GeForce GTX750","3264.00","779.00","4.19","aktywne","Asus","NVIDIA","GeForce",">= 512MB",">= 1GB",">= 1.5GB",">= 2GB"
"Point of View TGT-560-A1-1-UC","GeForce GTX560","3118.00","639.00","4.88","aktywne","Point","NVIDIA","GeForce",">= 512MB",">= 1GB","< 1.5GB","< 1GB"
"Gigabyte GV-R726XOC-1GD","Radeon R7 260X","3031.00","435.00","6.97","aktywne","Gigabyte","AMD","Radeon",">= 512MB",">= 1GB","< 1.5GB","< 1GB"
"Club 3D CGAX-R726X6A","Radeon R7 260X","3031.00","445.31","6.81","aktywne","Club","AMD","Radeon",">= 512MB",">= 1GB",">= 1.5GB",">= 2GB"
"Asus R7260X-DC2-1GD5","Radeon R7 260X","3031.00","460.00","6.59","aktywne","Asus","AMD","Radeon",">= 512MB",">= 1GB","< 1.5GB","< 1GB"
"Asus R7260X-DC2OC-1GD5","Radeon R7 260X","3031.00","479.00","6.33","aktywne","Asus","AMD","Radeon",">= 512MB",">= 1GB","< 1.5GB","< 1GB"
"XFX R7-260X-ZNJ4","Radeon R7 260X","3031.00","486.72","6.23","aktywne","XFX","AMD","Radeon",">= 512MB",">= 1GB","< 1.5GB","< 1GB"
"Sapphire 11222-07-10G","Radeon R7 260X","3031.00","492.00","6.16","aktywne","Sapphire","AMD","Radeon",">= 512MB",">= 1GB","< 1.5GB","< 1GB"
"Sapphire 11222-05-20G","Radeon R7 260X","3031.00","493.22","6.15","aktywne","Sapphire","AMD","Radeon",">= 512MB",">= 1GB","< 1.5GB","< 1GB"
"Sapphire 11222-05-10G","Radeon R7 260X","3031.00","496.00","6.11","aktywne","Sapphire","AMD","Radeon",">= 512MB",">= 1GB","< 1.5GB","< 1GB"
"Sapphire 11222-07-20G","Radeon R7 260X","3031.00","498.93","6.08","aktywne","Sapphire","AMD","Radeon",">= 512MB",">= 1GB","< 1.5GB","< 1GB"
"Sapphire 11222-17-20G","Radeon R7 260X","3031.00","503.62","6.02","aktywne","Sapphire","AMD","Radeon",">= 512MB",">= 1GB",">= 1.5GB",">= 2GB"
"XFX R7-260X-CNF4","Radeon R7 260X","3031.00","520.00","5.83","aktywne","XFX","AMD","Radeon",">= 512MB",">= 1GB",">= 1.5GB",">= 2GB"
"MSI R7 260X 2GD5 OC","Radeon R7 260X","3031.00","521.35","5.81","aktywne","MSI","AMD","Radeon",">= 512MB",">= 1GB",">= 1.5GB",">= 2GB"
"Gigabyte GV-R726XOC-2GD","Radeon R7 260X","3031.00","533.50","5.68","aktywne","Gigabyte","AMD","Radeon",">= 512MB",">= 1GB",">= 1.5GB",">= 2GB"
"Asus R7260X-OC-2GD5","Radeon R7 260X","3031.00","535.00","5.67","aktywne","Asus","AMD","Radeon",">= 512MB",">= 1GB",">= 1.5GB",">= 2GB"
"Gigabyte GV-R726XWF2-2GD","Radeon R7 260X","3031.00","548.84","5.52","aktywne","Gigabyte","AMD","Radeon",">= 512MB",">= 1GB",">= 1.5GB",">= 2GB"
"Sapphire 11222-06-20G","Radeon R7 260X","3031.00","583.94","5.19","aktywne","Sapphire","AMD","Radeon",">= 512MB",">= 1GB",">= 1.5GB",">= 2GB"
"Sapphire 11210-03-10G","Radeon HD7790","3005.00","628.33","4.78","aktywne","Sapphire","AMD","Radeon",">= 512MB",">= 1GB",">= 1.5GB",">= 2GB"
"Asus R7260-1GD5","Radeon R7 260","2739.00","439.00","6.24","aktywne","Asus","AMD","Radeon",">= 512MB",">= 1GB","< 1.5GB","< 1GB"
"MSI R7 260 1GD5 OC","Radeon R7 260","2739.00","444.40","6.16","aktywne","MSI","AMD","Radeon",">= 512MB",">= 1GB","< 1.5GB","< 1GB"
"MSI N650TI-2GD5/OC BE","GeForce GTX650Ti","2687.00","469.00","5.73","aktywne","MSI","NVIDIA","GeForce",">= 512MB",">= 1GB",">= 1.5GB",">= 2GB"
"Asus GTX650TI-DC2O-1GD5","GeForce GTX650Ti","2687.00","623.40","4.31","aktywne","Asus","NVIDIA","GeForce",">= 512MB",">= 1GB","< 1.5GB","< 1GB"
"Asus GTX650TI-2GD5","GeForce GTX650Ti","2687.00","642.00","4.19","aktywne","Asus","NVIDIA","GeForce",">= 512MB",">= 1GB",">= 1.5GB",">= 2GB"
"Point of View VGA-650-A2-1024","GeForce GTX650","1836.00","392.70","4.68","aktywne","Point","NVIDIA","GeForce",">= 512MB",">= 1GB","< 1.5GB","< 1GB"
"Club 3D BGNX-X652G","GeForce GTX650","1836.00","413.70","4.44","aktywne","Club","NVIDIA","GeForce",">= 512MB",">= 1GB","< 1.5GB","< 1GB"
"Point of View VGA-650-A1-2048","GeForce GTX650","1836.00","418.76","4.38","aktywne","Point","NVIDIA","GeForce",">= 512MB",">= 1GB",">= 1.5GB",">= 2GB"
"MSI N650 1GD5/OC","GeForce GTX650","1836.00","435.01","4.22","aktywne","MSI","NVIDIA","GeForce",">= 512MB",">= 1GB","< 1.5GB","< 1GB"
"MSI N650-1GD5/OCV1","GeForce GTX650","1836.00","447.07","4.11","aktywne","MSI","NVIDIA","GeForce",">= 512MB",">= 1GB","< 1.5GB","< 1GB"
"Asus GTX650-DC-1GD5","GeForce GTX650","1836.00","497.97","3.69","aktywne","Asus","NVIDIA","GeForce",">= 512MB",">= 1GB","< 1.5GB","< 1GB"
"Gigabyte GV-N650OC-2GI","GeForce GTX650","1836.00","526.00","3.49","aktywne","Gigabyte","NVIDIA","GeForce",">= 512MB",">= 1GB",">= 1.5GB",">= 2GB"
"XFX FX-775A-CGF4","Radeon HD7750","1636.00","313.61","5.22","aktywne","XFX","AMD","Radeon",">= 512MB",">= 1GB",">= 1.5GB",">= 2GB"
"Gigabyte GV-R725OC-1GI","Radeon R7 250","1406.00","305.00","4.61","aktywne","Gigabyte","AMD","Radeon",">= 512MB",">= 1GB","< 1.5GB","< 1GB"
"XFX R7-250A-ZLJ4","Radeon R7 250","1406.00","331.21","4.25","aktywne","XFX","AMD","Radeon",">= 512MB",">= 1GB","< 1.5GB","< 1GB"
"Club 3D CGAX-R7256Z","Radeon R7 250","1406.00","345.02","4.08","aktywne","Club","AMD","Radeon",">= 512MB",">= 1GB",">= 1.5GB",">= 2GB"
"MSI R7 250 2GD3 OC","Radeon R7 250","1406.00","354.10","3.97","aktywne","MSI","AMD","Radeon",">= 512MB",">= 1GB",">= 1.5GB",">= 2GB"
"XFX R7-250A-CLF4","Radeon R7 250","1406.00","356.02","3.95","aktywne","XFX","AMD","Radeon",">= 512MB",">= 1GB",">= 1.5GB",">= 2GB"
"Club 3D CGAX-R7252","Radeon R7 250","1406.00","357.00","3.94","aktywne","Club","AMD","Radeon",">= 512MB",">= 1GB","< 1.5GB","< 1GB"
"XFX R7-250A-ZLF4","Radeon R7 250","1406.00","358.78","3.92","aktywne","XFX","AMD","Radeon",">= 512MB",">= 1GB","< 1.5GB","< 1GB"
"Gigabyte GV-R725O5-2GI","Radeon R7 250","1406.00","359.00","3.92","aktywne","Gigabyte","AMD","Radeon",">= 512MB",">= 1GB",">= 1.5GB",">= 2GB"
"Sapphire 11215-00-10G","Radeon R7 250","1406.00","361.06","3.89","aktywne","Sapphire","AMD","Radeon",">= 512MB",">= 1GB","< 1.5GB","< 1GB"
"Gigabyte GV-R725OC-2GI","Radeon R7 250","1406.00","361.94","3.88","aktywne","Gigabyte","AMD","Radeon",">= 512MB",">= 1GB",">= 1.5GB",">= 2GB"
"Sapphire 11215-01-10G","Radeon R7 250","1406.00","368.70","3.81","aktywne","Sapphire","AMD","Radeon",">= 512MB",">= 1GB",">= 1.5GB",">= 2GB"
"Asus R7250-OC-2GD3","Radeon R7 250","1406.00","369.00","3.81","aktywne","Asus","AMD","Radeon",">= 512MB",">= 1GB",">= 1.5GB",">= 2GB"
"MSI R7 250 1GD5 OC","Radeon R7 250","1406.00","369.10","3.81","aktywne","MSI","AMD","Radeon",">= 512MB",">= 1GB","< 1.5GB","< 1GB"
"Asus R7250-1GD5","Radeon R7 250","1406.00","371.58","3.78","aktywne","Asus","AMD","Radeon",">= 512MB",">= 1GB","< 1.5GB","< 1GB"
"Sapphire 11215-00-20G","Radeon R7 250","1406.00","374.50","3.75","aktywne","Sapphire","AMD","Radeon",">= 512MB",">= 1GB","< 1.5GB","< 1GB"
"Sapphire 11215-05-10G","Radeon R7 250","1406.00","375.19","3.75","aktywne","Sapphire","AMD","Radeon",">= 512MB",">= 1GB","< 1.5GB","< 1GB"
"Sapphire 11215-06-10G","Radeon R7 250","1406.00","376.84","3.73","aktywne","Sapphire","AMD","Radeon",">= 512MB",">= 1GB","< 1.5GB","< 1GB"
"Sapphire 11215-01-20G","Radeon R7 250","1406.00","379.15","3.71","aktywne","Sapphire","AMD","Radeon",">= 512MB",">= 1GB",">= 1.5GB",">= 2GB"
"Sapphire 11215-06-20G","Radeon R7 250","1406.00","381.50","3.69","aktywne","Sapphire","AMD","Radeon",">= 512MB",">= 1GB","< 1.5GB","< 1GB"
"Sapphire 11215-05-20G","Radeon R7 250","1406.00","381.56","3.68","aktywne","Sapphire","AMD","Radeon",">= 512MB",">= 1GB","< 1.5GB","< 1GB"
"XFX R7-250A-ZLH4","Radeon R7 250","1406.00","418.10","3.36","pasywne","XFX","AMD","Radeon",">= 512MB",">= 1GB","< 1.5GB","< 1GB"
"Sapphire 11215-04-40G","Radeon R7 250","1406.00","449.40","3.13","pasywne","Sapphire","AMD","Radeon",">= 512MB",">= 1GB","< 1.5GB","< 1GB"
"Club 3D CGAX-R7256LM4","Radeon R7 250","1406.00","645.00","2.18","aktywne","Club","AMD","Radeon",">= 512MB",">= 1GB",">= 1.5GB",">= 2GB"
"Point of View VGA-640-A1-1024","GeForce GT640","1286.00","299.54","4.29","aktywne","Point","NVIDIA","GeForce",">= 512MB",">= 1GB","< 1.5GB","< 1GB"
"Gainward 426018336-2562","GeForce GT640","1286.00","308.00","4.18","aktywne","Gainward","NVIDIA","GeForce",">= 512MB",">= 1GB",">= 1.5GB",">= 2GB"
"Asus GT640-1GD3-L","GeForce GT640","1286.00","337.00","3.82","aktywne","Asus","NVIDIA","GeForce",">= 512MB",">= 1GB","< 1.5GB","< 1GB"
"MSI N640-2GD3","GeForce GT640","1286.00","349.00","3.68","aktywne","MSI","NVIDIA","GeForce",">= 512MB",">= 1GB",">= 1.5GB",">= 2GB"
"Asus GT640-1GD5-L","GeForce GT640","1286.00","354.50","3.63","aktywne","Asus","NVIDIA","GeForce",">= 512MB",">= 1GB","< 1.5GB","< 1GB"
"Gigabyte GV-R667D3-2GI","Radeon HD6670","1049.00","339.00","3.09","aktywne","Gigabyte","AMD","Radeon",">= 512MB",">= 1GB",">= 1.5GB",">= 2GB"
"Asus EAH6670/DIS/1GD5","Radeon HD6670","1049.00","449.00","2.34","aktywne","Asus","AMD","Radeon",">= 512MB",">= 1GB","< 1.5GB","< 1GB"
"Sapphire 11216-13-10G","Radeon R7 240","963.00","219.88","4.38","aktywne","Sapphire","AMD","Radeon",">= 512MB",">= 1GB","< 1.5GB","< 1GB"
"Sapphire 11216-11-10G","Radeon R7 240","963.00","221.48","4.35","aktywne","Sapphire","AMD","Radeon",">= 512MB",">= 1GB","< 1.5GB","< 1GB"
"Sapphire 11216-11-20G","Radeon R7 240","963.00","224.00","4.30","aktywne","Sapphire","AMD","Radeon",">= 512MB",">= 1GB","< 1.5GB","< 1GB"
"Sapphire 11216-13-20G","Radeon R7 240","963.00","229.00","4.21","pasywne","Sapphire","AMD","Radeon",">= 512MB",">= 1GB","< 1.5GB","< 1GB"
"XFX R7-240A-ZLJ2","Radeon R7 240","963.00","229.50","4.20","aktywne","XFX","AMD","Radeon",">= 512MB",">= 1GB","< 1.5GB","< 1GB"
"Asus R7240-1GD3","Radeon R7 240","963.00","230.50","4.18","aktywne","Asus","AMD","Radeon",">= 512MB",">= 1GB","< 1.5GB","< 1GB"
"Club 3D CGAX-R7246Z","Radeon R7 240","963.00","238.10","4.04","aktywne","Club","AMD","Radeon",">= 512MB",">= 1GB",">= 1.5GB",">= 2GB"
"XFX R7-240A-CLF2","Radeon R7 240","963.00","256.00","3.76","aktywne","XFX","AMD","Radeon",">= 512MB",">= 1GB",">= 1.5GB",">= 2GB"
"Sapphire 11216-01-20G","Radeon R7 240","963.00","264.00","3.65","aktywne","Sapphire","AMD","Radeon",">= 512MB",">= 1GB","< 1.5GB","< 1GB"
"Sapphire 11216-00-10G","Radeon R7 240","963.00","265.00","3.63","aktywne","Sapphire","AMD","Radeon",">= 512MB",">= 1GB",">= 1.5GB",">= 2GB"
"Asus R7240-SL-2GD3-L","Radeon R7 240","963.00","266.83","3.61","pasywne","Asus","AMD","Radeon",">= 512MB",">= 1GB",">= 1.5GB",">= 2GB"
"Sapphire 11216-07-10G","Radeon R7 240","963.00","269.00","3.58","aktywne","Sapphire","AMD","Radeon",">= 512MB",">= 1GB",">= 1.5GB",">= 2GB"
"Sapphire 11216-07-20G","Radeon R7 240","963.00","271.52","3.55","aktywne","Sapphire","AMD","Radeon",">= 512MB",">= 1GB",">= 1.5GB",">= 2GB"
"Asus R7240-2GD3-L","Radeon R7 240","963.00","272.92","3.53","aktywne","Asus","AMD","Radeon",">= 512MB",">= 1GB",">= 1.5GB",">= 2GB"
"Vertex 3D VXR7 240 2GBK3-HLE","Radeon R7 240","963.00","273.96","3.52","aktywne","Vertex","AMD","Radeon",">= 512MB",">= 1GB",">= 1.5GB",">= 2GB"
"Sapphire 11216-00-20G","Radeon R7 240","963.00","276.58","3.48","aktywne","Sapphire","AMD","Radeon",">= 512MB",">= 1GB",">= 1.5GB",">= 2GB"
"MSI R7 240 2GD3 LP","Radeon R7 240","963.00","277.50","3.47","aktywne","MSI","AMD","Radeon",">= 512MB",">= 1GB",">= 1.5GB",">= 2GB"
"Gigabyte GV-R724OC-2GI","Radeon R7 240","963.00","286.45","3.36","pasywne","Gigabyte","AMD","Radeon",">= 512MB",">= 1GB",">= 1.5GB",">= 2GB"
"Gigabyte 11216-00-20G","Radeon R7 240","963.00","298.00","3.23","aktywne","Gigabyte","AMD","Radeon",">= 512MB",">= 1GB",">= 1.5GB",">= 2GB"
"XFX R7-240A-CLH4","Radeon R7 240","963.00","328.72","2.93","pasywne","XFX","AMD","Radeon",">= 512MB",">= 1GB",">= 1.5GB",">= 2GB"
"Asus R7240-OC-4GD3-L","Radeon R7 240","963.00","343.00","2.81","aktywne","Asus","AMD","Radeon",">= 512MB",">= 1GB",">= 1.5GB",">= 2GB"
"Sapphire 11216-02-10G","Radeon R7 240","963.00","348.00","2.77","aktywne","Sapphire","AMD","Radeon",">= 512MB",">= 1GB",">= 1.5GB",">= 2GB"
"MSI R7 240 4GD3 LP","Radeon R7 240","963.00","355.00","2.71","aktywne","MSI","AMD","Radeon",">= 512MB",">= 1GB",">= 1.5GB",">= 2GB"
"Sapphire 11216-02-20G","Radeon R7 240","963.00","356.84","2.70","aktywne","Sapphire","AMD","Radeon",">= 512MB",">= 1GB",">= 1.5GB",">= 2GB"
"XFX R7-240A-ELF4","Radeon R7 240","963.00","366.40","2.63","aktywne","XFX","AMD","Radeon",">= 512MB",">= 1GB",">= 1.5GB",">= 2GB"
"HP QP027AA","Radeon HD6570","757.00","330.62","2.29","aktywne","HP","AMD","Radeon",">= 512MB",">= 1GB","< 1.5GB","< 1GB"
"Sapphire 11191-30-10G","Radeon HD6570","757.00","349.00","2.17","aktywne","Sapphire","AMD","Radeon",">= 512MB",">= 1GB",">= 1.5GB",">= 2GB"
"MSI N630K-2GD3/OC","GeForce GT630","744.00","209.00","3.56","aktywne","MSI","NVIDIA","GeForce",">= 512MB",">= 1GB",">= 1.5GB",">= 2GB"
"Palit NEAT6300HD46H","GeForce GT630","744.00","211.42","3.52","pasywne","Palit","NVIDIA","GeForce",">= 512MB",">= 1GB",">= 1.5GB",">= 2GB"
"Gigabyte GV-N630D3-1GI","GeForce GT630","744.00","225.00","3.31","aktywne","Gigabyte","NVIDIA","GeForce",">= 512MB",">= 1GB","< 1.5GB","< 1GB"
"Asus GT630-SL-2GD3-L","GeForce GT630","744.00","259.00","2.87","pasywne","Asus","NVIDIA","GeForce",">= 512MB",">= 1GB",">= 1.5GB",">= 2GB"
"EVGA 01G-P3-2632-KR","GeForce GT630","744.00","267.40","2.78","aktywne","EVGA","NVIDIA","GeForce",">= 512MB",">= 1GB","< 1.5GB","< 1GB"
"ZOTAC ZT-60414-20L","GeForce GT630","744.00","324.09","2.30","aktywne","ZOTAC","NVIDIA","GeForce",">= 512MB",">= 1GB",">= 1.5GB",">= 2GB"
"HP B4J92AA","GeForce GT630","744.00","403.50","1.84","aktywne","HP","NVIDIA","GeForce",">= 512MB",">= 1GB",">= 1.5GB",">= 2GB"
"Asus GT620-1GD3-L","GeForce GT620","434.00","246.67","1.76","aktywne","Asus","NVIDIA","GeForce",">= 512MB",">= 1GB","< 1.5GB","< 1GB"
"Sparkle X520","GeForce GT520","363.00","163.95","2.21","aktywne","Sparkle","NVIDIA","GeForce",">= 512MB",">= 1GB","< 1.5GB","< 1GB"
"Gigabyte GV-N610D3-1GI","GeForce GT610","354.00","155.00","2.28","aktywne","Gigabyte","NVIDIA","GeForce",">= 512MB",">= 1GB","< 1.5GB","< 1GB"
"Gigabyte GV-N610-1GI","GeForce GT610","354.00","157.90","2.24","aktywne","Gigabyte","NVIDIA","GeForce",">= 512MB",">= 1GB","< 1.5GB","< 1GB"
"Gigabyte GV-N610SL-1GI","GeForce GT610","354.00","162.82","2.17","pasywne","Gigabyte","NVIDIA","GeForce",">= 512MB",">= 1GB","< 1.5GB","< 1GB"
"MSI N610-1GD3H/LP","GeForce GT610","354.00","162.91","2.17","pasywne","MSI","NVIDIA","GeForce",">= 512MB",">= 1GB","< 1.5GB","< 1GB"
"Gainward 426018336-2654","GeForce GT610","354.00","168.00","2.11","pasywne","Gainward","NVIDIA","GeForce",">= 512MB",">= 1GB","< 1.5GB","< 1GB"
"Gainward 426018336-2647","GeForce GT610","354.00","168.00","2.11","aktywne","Gainward","NVIDIA","GeForce",">= 512MB",">= 1GB","< 1.5GB","< 1GB"
"Asus GT610-1GD3-L","GeForce GT610","354.00","170.59","2.08","aktywne","Asus","NVIDIA","GeForce",">= 512MB",">= 1GB","< 1.5GB","< 1GB"
"Palit NEAT6100HD06H","GeForce GT610","354.00","171.64","2.06","pasywne","Palit","NVIDIA","GeForce",">= 512MB",">= 1GB","< 1.5GB","< 1GB"
"ZOTAC ZT-60602-10L","GeForce GT610","354.00","177.00","2.00","aktywne","ZOTAC","NVIDIA","GeForce",">= 512MB",">= 1GB","< 1.5GB","< 1GB"
"EVGA 01G-P3-2616-KR","GeForce GT610","354.00","179.90","1.97","aktywne","EVGA","NVIDIA","GeForce",">= 512MB",">= 1GB","< 1.5GB","< 1GB"
"Asus GT610-SL-1GD3-L","GeForce GT610","354.00","184.56","1.92","pasywne","Asus","NVIDIA","GeForce",">= 512MB",">= 1GB","< 1.5GB","< 1GB"
"MSI N610GT-MD1GD3H","GeForce GT610","354.00","187.90","1.88","pasywne","MSI","NVIDIA","GeForce",">= 512MB",">= 1GB","< 1.5GB","< 1GB"
"EVGA 01G-P3-2615-KR","GeForce GT610","354.00","188.47","1.88","aktywne","EVGA","NVIDIA","GeForce",">= 512MB",">= 1GB","< 1.5GB","< 1GB"
"Gigabyte GV-N610D3-2GI","GeForce GT610","354.00","189.45","1.87","aktywne","Gigabyte","NVIDIA","GeForce",">= 512MB",">= 1GB",">= 1.5GB",">= 2GB"
"Gainward 426018336-2630","GeForce GT610","354.00","192.00","1.84","aktywne","Gainward","NVIDIA","GeForce",">= 512MB",">= 1GB",">= 1.5GB",">= 2GB"
"Palit NEAT610LHD46F","GeForce GT610","354.00","195.33","1.81","aktywne","Palit","NVIDIA","GeForce",">= 512MB",">= 1GB",">= 1.5GB",">= 2GB"
"MSI N610-2GD3H","GeForce GT610","354.00","199.20","1.78","pasywne","MSI","NVIDIA","GeForce",">= 512MB",">= 1GB",">= 1.5GB",">= 2GB"
"MSI N610GT-2GD3H/LP","GeForce GT610","354.00","200.36","1.77","pasywne","MSI","NVIDIA","GeForce",">= 512MB",">= 1GB",">= 1.5GB",">= 2GB"
"ZOTAC ZT-60603-20L","GeForce GT610","354.00","202.58","1.75","pasywne","ZOTAC","NVIDIA","GeForce",">= 512MB",">= 1GB","< 1.5GB","< 1GB"
"Asus GT610-SL-2GD3-L","GeForce GT610","354.00","205.77","1.72","pasywne","Asus","NVIDIA","GeForce",">= 512MB",">= 1GB",">= 1.5GB",">= 2GB"
"ZOTAC ZT-60601-10L","GeForce GT610","354.00","209.00","1.69","aktywne","ZOTAC","NVIDIA","GeForce",">= 512MB",">= 1GB",">= 1.5GB",">= 2GB"
"EVGA 02G-P3-2619-KR","GeForce GT610","354.00","213.96","1.65","aktywne","EVGA","NVIDIA","GeForce",">= 512MB",">= 1GB",">= 1.5GB",">= 2GB"
"Gigabyte GV-N610SL-2GL","GeForce GT610","354.00","228.98","1.55","pasywne","Gigabyte","NVIDIA","GeForce",">= 512MB",">= 1GB",">= 1.5GB",">= 2GB"
"ZOTAC ZT-60604-10L","GeForce GT610","354.00","237.26","1.49","pasywne","ZOTAC","NVIDIA","GeForce",">= 512MB","< 1GB","< 1.5GB","< 1GB"
"ZOTAC ZT-60605-10L","GeForce GT610","354.00","239.41","1.48","aktywne","ZOTAC","NVIDIA","GeForce",">= 512MB","< 1GB","< 1.5GB","< 1GB"
"ZOTAC ZT-60606-10L","GeForce GT610","354.00","274.80","1.29","pasywne","ZOTAC","NVIDIA","GeForce",">= 512MB",">= 1GB","< 1.5GB","< 1GB"
"Asus EN9500GT OC/DI/512M","GeForce 9500GT","291.00","189.00","1.54","aktywne","Asus","NVIDIA","GeForce",">= 512MB","< 1GB","< 1.5GB","< 1GB"
"Palit NE39500TFHD21","GeForce 9500GT","291.00","281.61","1.03","aktywne","Palit","NVIDIA","GeForce",">= 512MB","< 1GB","< 1.5GB","< 1GB"
"XFX HD-645X-ZNH2","Radeon HD6450","289.00","163.30","1.77","pasywne","XFX","AMD","Radeon",">= 512MB",">= 1GB","< 1.5GB","< 1GB"
"MSI R6450-MD1GD3H","Radeon HD6450","289.00","165.00","1.75","aktywne","MSI","AMD","Radeon",">= 512MB",">= 1GB","< 1.5GB","< 1GB"
"MSI R6450-MD1GD3","Radeon HD6450","289.00","169.50","1.71","aktywne","MSI","AMD","Radeon",">= 512MB",">= 1GB","< 1.5GB","< 1GB"
"Vertex 3D VX6450 1GBK3-HV4E","Radeon HD6450","289.00","171.20","1.69","pasywne","Vertex","AMD","Radeon",">= 512MB",">= 1GB","< 1.5GB","< 1GB"
"Sapphire 11190-02-10G","Radeon HD6450","289.00","174.13","1.66","pasywne","Sapphire","AMD","Radeon",">= 512MB",">= 1GB","< 1.5GB","< 1GB"
"Sapphire 11190-02-20G","Radeon HD6450","289.00","184.00","1.57","pasywne","Sapphire","AMD","Radeon",">= 512MB",">= 1GB","< 1.5GB","< 1GB"
"Asus HD6450-SL-2GD3-L","Radeon HD6450","289.00","189.00","1.53","pasywne","Asus","AMD","Radeon",">= 512MB",">= 1GB",">= 1.5GB",">= 2GB"
"Sapphire 11190-13-10G","Radeon HD6450","289.00","193.60","1.49","pasywne","Sapphire","AMD","Radeon",">= 512MB",">= 1GB","< 1.5GB","< 1GB"
"Sapphire 11190-13-20G","Radeon HD6450","289.00","197.97","1.46","pasywne","Sapphire","AMD","Radeon",">= 512MB",">= 1GB","< 1.5GB","< 1GB"
"MSI R6450-2GD3H/LP","Radeon HD6450","289.00","205.00","1.41","aktywne","MSI","AMD","Radeon",">= 512MB",">= 1GB",">= 1.5GB",">= 2GB"
"Sapphire 11190-12-10G","Radeon HD6450","289.00","215.78","1.34","pasywne","Sapphire","AMD","Radeon",">= 512MB",">= 1GB","< 1.5GB","< 1GB"
"Sapphire 11190-12-20G","Radeon HD6450","289.00","217.96","1.33","pasywne","Sapphire","AMD","Radeon",">= 512MB",">= 1GB","< 1.5GB","< 1GB"
"Sapphire 11190-09-20G","Radeon HD6450","289.00","232.82","1.24","pasywne","Sapphire","AMD","Radeon",">= 512MB",">= 1GB",">= 1.5GB",">= 2GB"
"Sapphire 11190-09-10G","Radeon HD6450","289.00","235.06","1.23","pasywne","Sapphire","AMD","Radeon",">= 512MB",">= 1GB",">= 1.5GB",">= 2GB"
"Sapphire 11166-01-10R","Radeon HD5450","232.00","121.43","1.91","pasywne","Sapphire","AMD","Radeon",">= 512MB","< 1GB","< 1.5GB","< 1GB"
"Sapphire 11166-08-10R","Radeon HD5450","232.00","122.28","1.90","pasywne","Sapphire","AMD","Radeon",">= 512MB","< 1GB","< 1.5GB","< 1GB"
"Sapphire 11166-32-10G","Radeon HD5450","232.00","123.21","1.88","pasywne","Sapphire","AMD","Radeon",">= 512MB",">= 1GB","< 1.5GB","< 1GB"
"Sapphire 11166-08-20R","Radeon HD5450","232.00","123.42","1.88","pasywne","Sapphire","AMD","Radeon",">= 512MB","< 1GB","< 1.5GB","< 1GB"
"Asus EAH5450-SL-HM1GD3-L-V2","Radeon HD5450","232.00","126.00","1.84","pasywne","Asus","AMD","Radeon",">= 512MB",">= 1GB","< 1.5GB","< 1GB"
"Asus HD5450-SL-HM1GD3-L-V2","Radeon HD5450","232.00","127.00","1.83","pasywne","Asus","AMD","Radeon",">= 512MB",">= 1GB","< 1.5GB","< 1GB"
"XFX HD-545X-ZCH2","Radeon HD5450","232.00","130.28","1.78","aktywne","XFX","AMD","Radeon",">= 512MB",">= 1GB","< 1.5GB","< 1GB"
"Sapphire 11166-32-20G","Radeon HD5450","232.00","132.13","1.76","pasywne","Sapphire","AMD","Radeon",">= 512MB",">= 1GB","< 1.5GB","< 1GB"
"Sapphire 11166-01-20R","Radeon HD5450","232.00","132.43","1.75","pasywne","Sapphire","AMD","Radeon",">= 512MB","< 1GB","< 1.5GB","< 1GB"
"Sapphire 11166-02-10R","Radeon HD5450","232.00","133.95","1.73","pasywne","Sapphire","AMD","Radeon",">= 512MB",">= 1GB","< 1.5GB","< 1GB"
"Sapphire 11166-07-10R","Radeon HD5450","232.00","134.23","1.73","pasywne","Sapphire","AMD","Radeon",">= 512MB",">= 1GB","< 1.5GB","< 1GB"
"MSI R5450-MD1GD3H/LP","Radeon HD5450","232.00","134.38","1.73","pasywne","MSI","AMD","Radeon",">= 512MB",">= 1GB","< 1.5GB","< 1GB"
"Asus EAH5450 SILENT/DI/1GD3","Radeon HD5450","232.00","139.52","1.66","pasywne","Asus","AMD","Radeon",">= 512MB",">= 1GB","< 1.5GB","< 1GB"
"Asus EAH5450/DI/1GD3(LP)","Radeon HD5450","232.00","140.00","1.66","aktywne","Asus","AMD","Radeon",">= 512MB",">= 1GB","< 1.5GB","< 1GB"
"Sapphire 11166-63-10G","Radeon HD5450","232.00","145.63","1.59","pasywne","Sapphire","AMD","Radeon",">= 512MB",">= 1GB","< 1.5GB","< 1GB"
"Gigabyte GV-R545-1GI","Radeon HD5450","232.00","147.46","1.57","aktywne","Gigabyte","AMD","Radeon",">= 512MB",">= 1GB","< 1.5GB","< 1GB"
"Sapphire 11166-07-20R","Radeon HD5450","232.00","148.84","1.56","pasywne","Sapphire","AMD","Radeon",">= 512MB",">= 1GB","< 1.5GB","< 1GB"
"Sapphire 11166-63-20G","Radeon HD5450","232.00","149.52","1.55","pasywne","Sapphire","AMD","Radeon",">= 512MB",">= 1GB","< 1.5GB","< 1GB"
"Asus 90-C1CP2U-L0UANAYZ","Radeon HD5450","232.00","154.83","1.50","pasywne","Asus","AMD","Radeon",">= 512MB",">= 1GB","< 1.5GB","< 1GB"
"Sapphire 11166-02-20R","Radeon HD5450","232.00","155.76","1.49","pasywne","Sapphire","AMD","Radeon",">= 512MB",">= 1GB","< 1.5GB","< 1GB"
"Asus HD5450-SL-1GD3-BRK","Radeon HD5450","232.00","156.03","1.49","pasywne","Asus","AMD","Radeon",">= 512MB",">= 1GB","< 1.5GB","< 1GB"
"XFX HD-545X-CLH2","Radeon HD5450","232.00","162.50","1.43","pasywne","XFX","AMD","Radeon",">= 512MB",">= 1GB",">= 1.5GB",">= 2GB"
"Sapphire 11166-51-10G","Radeon HD5450","232.00","178.99","1.30","pasywne","Sapphire","AMD","Radeon",">= 512MB",">= 1GB","< 1.5GB","< 1GB"
"Sapphire 11166-45-10G","Radeon HD5450","232.00","180.50","1.29","pasywne","Sapphire","AMD","Radeon",">= 512MB",">= 1GB",">= 1.5GB",">= 2GB"
"Sapphire 11166-51-20G","Radeon HD5450","232.00","195.26","1.19","pasywne","Sapphire","AMD","Radeon",">= 512MB",">= 1GB","< 1.5GB","< 1GB"
"Asus HD5450-SL-2GD3-L","Radeon HD5450","232.00","207.91","1.12","pasywne","Asus","AMD","Radeon",">= 512MB",">= 1GB",">= 1.5GB",">= 2GB"
"Sapphire 11166-45-20G","Radeon HD5450","232.00","231.16","1.00","pasywne","Sapphire","AMD","Radeon",">= 512MB",">= 1GB",">= 1.5GB",">= 2GB"
"HP QK638AA","Radeon HD6350","219.00","258.00","0.85","aktywne","HP","AMD","Radeon",">= 512MB","< 1GB","< 1.5GB","< 1GB"
"Palit NEAG2100HD53H","GeForce G210","185.00","119.83","1.54","pasywne","Palit","NVIDIA","GeForce",">= 512MB","< 1GB","< 1.5GB","< 1GB"
"Gainward 426018336-2081","GeForce G210","185.00","121.00","1.53","pasywne","Gainward","NVIDIA","GeForce",">= 512MB","< 1GB","< 1.5GB","< 1GB"
"Gainward 426018336-1923","GeForce G210","185.00","122.00","1.52","pasywne","Gainward","NVIDIA","GeForce",">= 512MB",">= 1GB","< 1.5GB","< 1GB"
"MSI N210-TC1GD3H/LP","GeForce G210","185.00","125.06","1.48","pasywne","MSI","NVIDIA","GeForce",">= 512MB","< 1GB","< 1.5GB","< 1GB"
"MSI N210-MD1GD3H","GeForce G210","185.00","128.16","1.44","pasywne","MSI","NVIDIA","GeForce",">= 512MB",">= 1GB","< 1.5GB","< 1GB"
"Palit NEAG21000HD06H","GeForce G210","185.00","129.50","1.43","pasywne","Palit","NVIDIA","GeForce",">= 512MB",">= 1GB","< 1.5GB","< 1GB"
"Palit NEAG2100HD06H","GeForce G210","185.00","129.92","1.42","pasywne","Palit","NVIDIA","GeForce",">= 512MB",">= 1GB","< 1.5GB","< 1GB"
"MSI N210-MD1G/D3","GeForce G210","185.00","131.96","1.40","aktywne","MSI","NVIDIA","GeForce",">= 512MB",">= 1GB","< 1.5GB","< 1GB"
"Gainward 426018336-1459","GeForce G210","185.00","133.00","1.39","aktywne","Gainward","NVIDIA","GeForce",">= 512MB",">= 1GB","< 1.5GB","< 1GB"
"Gigabyte GV-N210SL-1GI","GeForce G210","185.00","135.00","1.37","pasywne","Gigabyte","NVIDIA","GeForce",">= 512MB",">= 1GB","< 1.5GB","< 1GB"
"ZOTAC ZT-20313-10B","GeForce G210","185.00","135.00","1.37","pasywne","ZOTAC","NVIDIA","GeForce",">= 512MB",">= 1GB","< 1.5GB","< 1GB"
"ZOTAC ZT-20313-10L","GeForce G210","185.00","135.01","1.37","pasywne","ZOTAC","NVIDIA","GeForce",">= 512MB",">= 1GB","< 1.5GB","< 1GB"
"Gigabyte GV-N210D3-1GI","GeForce G210","185.00","139.90","1.32","aktywne","Gigabyte","NVIDIA","GeForce",">= 512MB",">= 1GB","< 1.5GB","< 1GB"
"Asus EN210 SILENT/DI/1GD3/V2","GeForce G210","185.00","140.00","1.32","pasywne","Asus","NVIDIA","GeForce",">= 512MB",">= 1GB","< 1.5GB","< 1GB"
"Asus EN210 SILENT/DI/1GD3","GeForce G210","185.00","143.00","1.29","pasywne","Asus","NVIDIA","GeForce",">= 512MB",">= 1GB","< 1.5GB","< 1GB"
"EVGA 01G-P3-1313-KR","GeForce G210","185.00","157.38","1.18","pasywne","EVGA","NVIDIA","GeForce",">= 512MB",">= 1GB","< 1.5GB","< 1GB"
"EVGA 512-P3-1301-KR","GeForce 8400GS","115.00","129.90","0.89","pasywne","EVGA","NVIDIA","GeForce",">= 512MB","< 1GB","< 1.5GB","< 1GB"
"EVGA 512-A8-N403-LX","GeForce 6200","44.00","189.90","0.23","pasywne","EVGA","NVIDIA","GeForce",">= 512MB","< 1GB","< 1.5GB","< 1GB"
"EVGA 512-A8-N403-EL","GeForce 6200","44.00","191.97","0.23","pasywne","EVGA","NVIDIA","GeForce",">= 512MB","< 1GB","< 1.5GB","< 1GB"
"EVGA 512-A8-N405-EL","GeForce 6200","44.00","197.45","0.22","pasywne","EVGA","NVIDIA","GeForce",">= 512MB","< 1GB","< 1.5GB","< 1GB"
